Action Caption,Caption,Hashtags
🔥 Tap the preview 👇,Her tiny waist and perfect curves got me weak 😩 ...,#Horny #OnlyFansTease #NSFW #HotGirls #Adult
🍑 Tap for the full clap 👀,That ass clap hits different at 2x speed 🍑 ...,#BigAss #Booty #NSFW #Twerk #PornTease
😈 Tap to watch them play 🔥,Two besties turned into something way hotter 😈 ...,#Lesbian #GirlOnGirl #Bisexual #NSFW #LGBTQ+
👀 POV: Tap to feel it 😏,POV: You’re not leaving this bed until she’s satisfied 😉 ...,#POV #Creampie #NSFW #POVSex #AdultContent
🔥 Two mouths one lucky guy 👇 Tap now,Two mouths. One lucky guy. Things got very messy...,#Threesome #MMF #NSFW #GroupSex #Hot
😈 MILF secrets inside 👇 Tap,Her husband has no idea she films this… 42 but body of 25 🔥,#MILF #Mature #HotMom #Cougar #NSFW
🚨 Risky public tap 👇,Almost got caught in the elevator… adrenaline made it 10x better 😈,#Public #Exhibitionist #Risky #NSFW #Outdoor
🥵 Tiny but takes it all 👇 Tap,5'1 and takes it like a champ 🥵 ...,#Petite #TinyGirl #TeenTease #NSFW #SmallGirl
🔥 She tried BBC for first time 👇,She said she’d never try… until she did 😱 ...,#BBC #Interracial #QueenOfSpades #NSFW #Hotwife
🦸‍♀️ Cosplay reward inside 🔥 Tap,Deadpool’s girlfriend after the mission… she rewards him properly 🔥,#Cosplay #CosplaySex #NSFW #Hentai #Roleplay
